{"count":1,"self":6141.6202239999993,"total":24323.6441227,"children":{"InitializeActuators":{"count":117249,"self":0.82841559999999992,"total":0.82841559999999992,"children":null},"InitializeSensors":{"count":117249,"self":0.56809959999999993,"total":0.56809959999999993,"children":null},"AgentSendState":{"count":3156002,"self":74.2323712,"total":972.137713,"children":{"CollectObservations":{"count":37718955,"self":727.95253759999991,"total":727.9525615,"children":null},"WriteActionMask":{"count":37718955,"self":12.5095432,"total":12.5095435,"children":null},"RequestDecision":{"count":37718955,"self":49.4692096,"total":157.4432342,"children":{"AgentInfo.ToProto":{"count":37718955,"self":42.391401599999995,"total":107.97402459999999,"children":{"GenerateSensorData":{"count":37718955,"self":65.582624,"total":65.5826226,"children":null}}}}}}},"DecideAction":{"count":3156002,"self":16373.669887999999,"total":16373.670697399999,"children":null},"AgentAct":{"count":3156002,"self":781.3174272,"total":781.3174091,"children":null},"AgentInfo.ToProto":{"count":117159,"self":0.5127704,"total":53.5014179,"children":{"GenerateSensorData":{"count":117159,"self":52.9886464,"total":52.9886475,"children":null}}}},"gauges":{},"metadata":{"timer_format_version":"0.1.0","start_time_seconds":"1766306866","unity_version":"6000.2.14f1","command_line_arguments":"C:\\Program Files\\Unity\\Hub\\Editor\\6000.2.14f1\\Editor\\Unity.exe -projectpath C:\\Users\\Komputer\\Simple -acceptSoftwareTermsForThisRunOnly -useHub -hubIPC -cloudEnvironment production -licensingIpc LicenseClient-Komputer -hubSessionId 5435d269-da31-4543-acd2-5da3eeade9e4 -accessToken -q4kMqBiVmaMzvJ9fuzcN4DkWK6J4H9wOnV5nmWMpRg001f","communication_protocol_version":"1.5.0","com.unity.ml-agents_version":"2.0.2","scene_name":"TestScene","end_time_seconds":"1766331190"}}